"Step","group_mixture_linear - overall_loss","group_mixture_linear - overall_loss__MIN","group_mixture_linear - overall_loss__MAX"
"0","1.0811400413513184","1.0811400413513184","1.0811400413513184"
"100","1.119456171989441","1.119456171989441","1.119456171989441"
"200","1.0284218788146973","1.0284218788146973","1.0284218788146973"
"300","0.960658609867096","0.960658609867096","0.960658609867096"
"400","1.0786538124084473","1.0786538124084473","1.0786538124084473"
"500","1.0483170747756958","1.0483170747756958","1.0483170747756958"
"600","0.991182804107666","0.991182804107666","0.991182804107666"
"700","1.0720051527023315","1.0720051527023315","1.0720051527023315"
"800","0.9983102679252625","0.9983102679252625","0.9983102679252625"
"900","1.0298258066177368","1.0298258066177368","1.0298258066177368"
"1000","1.0590754747390747","1.0590754747390747","1.0590754747390747"
"1100","1.0075002908706665","1.0075002908706665","1.0075002908706665"
"1200","1.0967265367507935","1.0967265367507935","1.0967265367507935"
"1300","1.0396616458892822","1.0396616458892822","1.0396616458892822"
"1400","0.9786626696586609","0.9786626696586609","0.9786626696586609"
"1500","1.0358129739761353","1.0358129739761353","1.0358129739761353"
"1600","1.0348451137542725","1.0348451137542725","1.0348451137542725"
"1700","1.001439094543457","1.001439094543457","1.001439094543457"
"1800","1.0202876329421997","1.0202876329421997","1.0202876329421997"
"1900","0.9910247921943665","0.9910247921943665","0.9910247921943665"
"2000","0.8619036078453064","0.8619036078453064","0.8619036078453064"
"2100","0.8861244916915894","0.8861244916915894","0.8861244916915894"
"2200","0.8257918953895569","0.8257918953895569","0.8257918953895569"
"2300","0.8088355660438538","0.8088355660438538","0.8088355660438538"
"2400","0.8773173689842224","0.8773173689842224","0.8773173689842224"
"2500","0.8349274396896362","0.8349274396896362","0.8349274396896362"
"2600","0.8076537251472473","0.8076537251472473","0.8076537251472473"
"2700","0.6775835752487183","0.6775835752487183","0.6775835752487183"
"2800","0.7904981374740601","0.7904981374740601","0.7904981374740601"
"2900","0.7712398767471313","0.7712398767471313","0.7712398767471313"
"3000","0.6986196637153625","0.6986196637153625","0.6986196637153625"
"3100","0.5060954689979553","0.5060954689979553","0.5060954689979553"
"3200","0.4090243875980377","0.4090243875980377","0.4090243875980377"
"3300","0.4289284348487854","0.4289284348487854","0.4289284348487854"
"3400","0.388884037733078","0.388884037733078","0.388884037733078"
"3500","0.3720059096813202","0.3720059096813202","0.3720059096813202"
"3600","0.3711978495121002","0.3711978495121002","0.3711978495121002"
"3700","0.35534700751304626","0.35534700751304626","0.35534700751304626"
"3800","0.35840556025505066","0.35840556025505066","0.35840556025505066"
"3900","0.3273547887802124","0.3273547887802124","0.3273547887802124"
"4000","0.3759916424751282","0.3759916424751282","0.3759916424751282"
"4100","0.34728753566741943","0.34728753566741943","0.34728753566741943"
"4200","0.3643472492694855","0.3643472492694855","0.3643472492694855"
"4300","0.32670503854751587","0.32670503854751587","0.32670503854751587"
"4400","0.3001962900161743","0.3001962900161743","0.3001962900161743"
"4500","0.34685689210891724","0.34685689210891724","0.34685689210891724"
"4600","0.35554632544517517","0.35554632544517517","0.35554632544517517"
"4700","0.327129065990448","0.327129065990448","0.327129065990448"
"4800","0.35193127393722534","0.35193127393722534","0.35193127393722534"
"4900","0.32950013875961304","0.32950013875961304","0.32950013875961304"
"5000","0.8588786721229553","0.8588786721229553","0.8588786721229553"
"5100","0.6920223236083984","0.6920223236083984","0.6920223236083984"
"5200","0.5963513255119324","0.5963513255119324","0.5963513255119324"
"5300","0.6126892566680908","0.6126892566680908","0.6126892566680908"
"5400","0.6153759360313416","0.6153759360313416","0.6153759360313416"
"5500","0.6367103457450867","0.6367103457450867","0.6367103457450867"
"5600","0.5575029850006104","0.5575029850006104","0.5575029850006104"
"5700","0.44509536027908325","0.44509536027908325","0.44509536027908325"
"5800","0.40616104006767273","0.40616104006767273","0.40616104006767273"
"5900","0.40670135617256165","0.40670135617256165","0.40670135617256165"
"6000","0.3589768707752228","0.3589768707752228","0.3589768707752228"
"6100","0.375536173582077","0.375536173582077","0.375536173582077"
"6200","0.3712543845176697","0.3712543845176697","0.3712543845176697"
"6300","0.36468660831451416","0.36468660831451416","0.36468660831451416"
"6400","0.3860047161579132","0.3860047161579132","0.3860047161579132"
"6500","0.3626798689365387","0.3626798689365387","0.3626798689365387"
"6600","0.34289658069610596","0.34289658069610596","0.34289658069610596"
"6700","0.35261112451553345","0.35261112451553345","0.35261112451553345"
"6800","0.37262892723083496","0.37262892723083496","0.37262892723083496"
"6900","0.34800460934638977","0.34800460934638977","0.34800460934638977"
"7000","0.34490540623664856","0.34490540623664856","0.34490540623664856"
"7100","0.3287116289138794","0.3287116289138794","0.3287116289138794"
"7200","0.3385230302810669","0.3385230302810669","0.3385230302810669"
"7300","0.34051674604415894","0.34051674604415894","0.34051674604415894"
"7400","0.34799858927726746","0.34799858927726746","0.34799858927726746"
"7500","0.354810893535614","0.354810893535614","0.354810893535614"
"7600","0.34780827164649963","0.34780827164649963","0.34780827164649963"
"7700","0.3248191177845001","0.3248191177845001","0.3248191177845001"
"7800","0.3462197184562683","0.3462197184562683","0.3462197184562683"
"7900","0.33067771792411804","0.33067771792411804","0.33067771792411804"
"8000","0.33889833092689514","0.33889833092689514","0.33889833092689514"
"8100","0.33804234862327576","0.33804234862327576","0.33804234862327576"
"8200","0.3451816141605377","0.3451816141605377","0.3451816141605377"
"8300","0.33061569929122925","0.33061569929122925","0.33061569929122925"
"8400","0.36104002594947815","0.36104002594947815","0.36104002594947815"
"8500","0.32611677050590515","0.32611677050590515","0.32611677050590515"
"8600","0.3660055994987488","0.3660055994987488","0.3660055994987488"
"8700","0.3236008882522583","0.3236008882522583","0.3236008882522583"
"8800","0.3194683790206909","0.3194683790206909","0.3194683790206909"
"8900","0.31070688366889954","0.31070688366889954","0.31070688366889954"
"9000","0.33459722995758057","0.33459722995758057","0.33459722995758057"
"9100","0.3164520859718323","0.3164520859718323","0.3164520859718323"
"9200","0.34613505005836487","0.34613505005836487","0.34613505005836487"
"9300","0.32568779587745667","0.32568779587745667","0.32568779587745667"
"9400","0.3481310307979584","0.3481310307979584","0.3481310307979584"
"9500","0.3192784786224365","0.3192784786224365","0.3192784786224365"
"9600","0.3382951617240906","0.3382951617240906","0.3382951617240906"
"9700","0.3641965389251709","0.3641965389251709","0.3641965389251709"
"9800","0.3479098975658417","0.3479098975658417","0.3479098975658417"
"9900","0.3420901596546173","0.3420901596546173","0.3420901596546173"
"10000","0.7837556004524231","0.7837556004524231","0.7837556004524231"
"10100","0.6408692598342896","0.6408692598342896","0.6408692598342896"
"10200","0.5976601243019104","0.5976601243019104","0.5976601243019104"
"10300","0.5692382454872131","0.5692382454872131","0.5692382454872131"
"10400","0.6329601407051086","0.6329601407051086","0.6329601407051086"
"10500","0.48702916502952576","0.48702916502952576","0.48702916502952576"
"10600","0.4426615536212921","0.4426615536212921","0.4426615536212921"
"10700","0.42871779203414917","0.42871779203414917","0.42871779203414917"
"10800","0.4384383261203766","0.4384383261203766","0.4384383261203766"
"10900","0.4074947237968445","0.4074947237968445","0.4074947237968445"
"11000","0.3874622881412506","0.3874622881412506","0.3874622881412506"
"11100","0.3749721944332123","0.3749721944332123","0.3749721944332123"
"11200","0.4063712954521179","0.4063712954521179","0.4063712954521179"
"11300","0.4054730236530304","0.4054730236530304","0.4054730236530304"
"11400","0.39373740553855896","0.39373740553855896","0.39373740553855896"
"11500","0.38985082507133484","0.38985082507133484","0.38985082507133484"
"11600","0.4133417010307312","0.4133417010307312","0.4133417010307312"
"11700","0.36367782950401306","0.36367782950401306","0.36367782950401306"
"11800","0.38143306970596313","0.38143306970596313","0.38143306970596313"
"11900","0.3688867390155792","0.3688867390155792","0.3688867390155792"
"12000","0.36907729506492615","0.36907729506492615","0.36907729506492615"
"12100","0.3494194746017456","0.3494194746017456","0.3494194746017456"
"12200","0.37252891063690186","0.37252891063690186","0.37252891063690186"
"12300","0.40355220437049866","0.40355220437049866","0.40355220437049866"
"12400","0.3695022463798523","0.3695022463798523","0.3695022463798523"
"12500","0.34484222531318665","0.34484222531318665","0.34484222531318665"
"12600","0.3593394458293915","0.3593394458293915","0.3593394458293915"
"12700","0.3639037609100342","0.3639037609100342","0.3639037609100342"
"12800","0.350990891456604","0.350990891456604","0.350990891456604"
"12900","0.36689138412475586","0.36689138412475586","0.36689138412475586"
"13000","0.3437451124191284","0.3437451124191284","0.3437451124191284"
"13100","0.3496605455875397","0.3496605455875397","0.3496605455875397"
"13200","0.3437121510505676","0.3437121510505676","0.3437121510505676"
"13300","0.374105304479599","0.374105304479599","0.374105304479599"
"13400","0.32820072770118713","0.32820072770118713","0.32820072770118713"
"13500","0.35982540249824524","0.35982540249824524","0.35982540249824524"
"13600","0.37907394766807556","0.37907394766807556","0.37907394766807556"
"13700","0.3679138123989105","0.3679138123989105","0.3679138123989105"
"13800","0.36314645409584045","0.36314645409584045","0.36314645409584045"
"13900","0.3609231412410736","0.3609231412410736","0.3609231412410736"
"14000","0.38942041993141174","0.38942041993141174","0.38942041993141174"
"14100","0.33753347396850586","0.33753347396850586","0.33753347396850586"
"14200","0.3833557665348053","0.3833557665348053","0.3833557665348053"
"14300","0.37621307373046875","0.37621307373046875","0.37621307373046875"
"14400","0.37383872270584106","0.37383872270584106","0.37383872270584106"
"14500","0.35003891587257385","0.35003891587257385","0.35003891587257385"
"14600","0.3660888969898224","0.3660888969898224","0.3660888969898224"
"14700","0.36566412448883057","0.36566412448883057","0.36566412448883057"
"14800","0.3610788583755493","0.3610788583755493","0.3610788583755493"
"14900","0.35502341389656067","0.35502341389656067","0.35502341389656067"
"15000","0.7171793580055237","0.7171793580055237","0.7171793580055237"
"15100","0.5881029963493347","0.5881029963493347","0.5881029963493347"
"15200","0.5717043876647949","0.5717043876647949","0.5717043876647949"
"15300","0.5755716562271118","0.5755716562271118","0.5755716562271118"
"15400","0.5206803679466248","0.5206803679466248","0.5206803679466248"
"15500","0.4708358645439148","0.4708358645439148","0.4708358645439148"
"15600","0.43801820278167725","0.43801820278167725","0.43801820278167725"
"15700","0.4496673345565796","0.4496673345565796","0.4496673345565796"
"15800","0.3954469859600067","0.3954469859600067","0.3954469859600067"
"15900","0.4049662947654724","0.4049662947654724","0.4049662947654724"
"16000","0.42348119616508484","0.42348119616508484","0.42348119616508484"
"16100","0.41655346751213074","0.41655346751213074","0.41655346751213074"
"16200","0.41187864542007446","0.41187864542007446","0.41187864542007446"
"16300","0.40052366256713867","0.40052366256713867","0.40052366256713867"
"16400","0.4104800224304199","0.4104800224304199","0.4104800224304199"
"16500","0.409052312374115","0.409052312374115","0.409052312374115"
"16600","0.404427170753479","0.404427170753479","0.404427170753479"
"16700","0.3995199501514435","0.3995199501514435","0.3995199501514435"
"16800","0.3893972337245941","0.3893972337245941","0.3893972337245941"
"16900","0.39319393038749695","0.39319393038749695","0.39319393038749695"
"17000","0.40232259035110474","0.40232259035110474","0.40232259035110474"
"17100","0.37667781114578247","0.37667781114578247","0.37667781114578247"
"17200","0.40141561627388","0.40141561627388","0.40141561627388"
"17300","0.36663153767585754","0.36663153767585754","0.36663153767585754"
"17400","0.39394575357437134","0.39394575357437134","0.39394575357437134"
"17500","0.3834954798221588","0.3834954798221588","0.3834954798221588"
"17600","0.37301135063171387","0.37301135063171387","0.37301135063171387"
"17700","0.39667654037475586","0.39667654037475586","0.39667654037475586"
"17800","0.3807290494441986","0.3807290494441986","0.3807290494441986"
"17900","0.38033828139305115","0.38033828139305115","0.38033828139305115"
"18000","0.40122997760772705","0.40122997760772705","0.40122997760772705"
"18100","0.3788425028324127","0.3788425028324127","0.3788425028324127"
"18200","0.3824586868286133","0.3824586868286133","0.3824586868286133"
"18300","0.3657084107398987","0.3657084107398987","0.3657084107398987"
"18400","0.3955732583999634","0.3955732583999634","0.3955732583999634"
"18500","0.37851428985595703","0.37851428985595703","0.37851428985595703"
"18600","0.37740156054496765","0.37740156054496765","0.37740156054496765"
"18700","0.3747085630893707","0.3747085630893707","0.3747085630893707"
"18800","0.37840309739112854","0.37840309739112854","0.37840309739112854"
"18900","0.36904314160346985","0.36904314160346985","0.36904314160346985"
"19000","0.39694681763648987","0.39694681763648987","0.39694681763648987"
"19100","0.37064695358276367","0.37064695358276367","0.37064695358276367"
"19200","0.3918435573577881","0.3918435573577881","0.3918435573577881"
"19300","0.36927667260169983","0.36927667260169983","0.36927667260169983"
"19400","0.3756033480167389","0.3756033480167389","0.3756033480167389"
"19500","0.35899317264556885","0.35899317264556885","0.35899317264556885"
"19600","0.3657595217227936","0.3657595217227936","0.3657595217227936"
"19700","0.3720715641975403","0.3720715641975403","0.3720715641975403"
"19800","0.4096967875957489","0.4096967875957489","0.4096967875957489"
"19900","0.3684999644756317","0.3684999644756317","0.3684999644756317"
"20000","0.5901868343353271","0.5901868343353271","0.5901868343353271"
"20100","0.3677150309085846","0.3677150309085846","0.3677150309085846"
"20200","0.3652067482471466","0.3652067482471466","0.3652067482471466"
"20300","0.35942354798316956","0.35942354798316956","0.35942354798316956"
"20400","0.35097062587738037","0.35097062587738037","0.35097062587738037"
"20500","0.3535836338996887","0.3535836338996887","0.3535836338996887"
"20600","0.3461369574069977","0.3461369574069977","0.3461369574069977"
"20700","0.3669379651546478","0.3669379651546478","0.3669379651546478"
"20800","0.3461496829986572","0.3461496829986572","0.3461496829986572"
"20900","0.36307236552238464","0.36307236552238464","0.36307236552238464"
"21000","0.3558141887187958","0.3558141887187958","0.3558141887187958"
"21100","0.35118794441223145","0.35118794441223145","0.35118794441223145"
"21200","0.36250191926956177","0.36250191926956177","0.36250191926956177"
"21300","0.36185914278030396","0.36185914278030396","0.36185914278030396"
"21400","0.36757606267929077","0.36757606267929077","0.36757606267929077"
"21500","0.3514629304409027","0.3514629304409027","0.3514629304409027"
"21600","0.33944234251976013","0.33944234251976013","0.33944234251976013"
"21700","0.36165180802345276","0.36165180802345276","0.36165180802345276"
"21800","0.38127321004867554","0.38127321004867554","0.38127321004867554"
"21900","0.34995704889297485","0.34995704889297485","0.34995704889297485"
"22000","0.3598122298717499","0.3598122298717499","0.3598122298717499"
"22100","0.3513784110546112","0.3513784110546112","0.3513784110546112"
"22200","0.38103926181793213","0.38103926181793213","0.38103926181793213"
"22300","0.365099161863327","0.365099161863327","0.365099161863327"
"22400","0.3415141999721527","0.3415141999721527","0.3415141999721527"
"22500","0.33762964606285095","0.33762964606285095","0.33762964606285095"
"22600","0.34017524123191833","0.34017524123191833","0.34017524123191833"
"22700","0.3332735300064087","0.3332735300064087","0.3332735300064087"
"22800","0.3415239453315735","0.3415239453315735","0.3415239453315735"
"22900","0.35485804080963135","0.35485804080963135","0.35485804080963135"
"23000","0.37807536125183105","0.37807536125183105","0.37807536125183105"
"23100","0.35757315158843994","0.35757315158843994","0.35757315158843994"
"23200","0.3578472137451172","0.3578472137451172","0.3578472137451172"
"23300","0.37149420380592346","0.37149420380592346","0.37149420380592346"
"23400","0.35527318716049194","0.35527318716049194","0.35527318716049194"
"23500","0.34721076488494873","0.34721076488494873","0.34721076488494873"
"23600","0.33632850646972656","0.33632850646972656","0.33632850646972656"
"23700","0.34217971563339233","0.34217971563339233","0.34217971563339233"
"23800","0.37683752179145813","0.37683752179145813","0.37683752179145813"
"23900","0.3660736680030823","0.3660736680030823","0.3660736680030823"
"24000","0.355865478515625","0.355865478515625","0.355865478515625"
"24100","0.3559820353984833","0.3559820353984833","0.3559820353984833"
"24200","0.3709142208099365","0.3709142208099365","0.3709142208099365"
"24300","0.34905198216438293","0.34905198216438293","0.34905198216438293"
"24400","0.3273047208786011","0.3273047208786011","0.3273047208786011"
"24500","0.34424760937690735","0.34424760937690735","0.34424760937690735"
"24600","0.32955294847488403","0.32955294847488403","0.32955294847488403"
"24700","0.36033591628074646","0.36033591628074646","0.36033591628074646"
"24800","0.34971898794174194","0.34971898794174194","0.34971898794174194"
"24900","0.36062753200531006","0.36062753200531006","0.36062753200531006"
"25000","0.5033689141273499","0.5033689141273499","0.5033689141273499"
"25100","0.3260360062122345","0.3260360062122345","0.3260360062122345"
"25200","0.3191622495651245","0.3191622495651245","0.3191622495651245"
"25300","0.31837648153305054","0.31837648153305054","0.31837648153305054"
"25400","0.3329602777957916","0.3329602777957916","0.3329602777957916"
"25500","0.3515545129776001","0.3515545129776001","0.3515545129776001"
"25600","0.335647851228714","0.335647851228714","0.335647851228714"
"25700","0.3271441161632538","0.3271441161632538","0.3271441161632538"
"25800","0.3293050527572632","0.3293050527572632","0.3293050527572632"
"25900","0.33987972140312195","0.33987972140312195","0.33987972140312195"
"26000","0.3219687342643738","0.3219687342643738","0.3219687342643738"
"26100","0.3315666615962982","0.3315666615962982","0.3315666615962982"
"26200","0.3352292478084564","0.3352292478084564","0.3352292478084564"
"26300","0.3290463089942932","0.3290463089942932","0.3290463089942932"
"26400","0.34303054213523865","0.34303054213523865","0.34303054213523865"
"26500","0.3467223048210144","0.3467223048210144","0.3467223048210144"
"26600","0.3386039733886719","0.3386039733886719","0.3386039733886719"
"26700","0.3206597566604614","0.3206597566604614","0.3206597566604614"
"26800","0.3070618510246277","0.3070618510246277","0.3070618510246277"
"26900","0.32775208353996277","0.32775208353996277","0.32775208353996277"
"27000","0.33892035484313965","0.33892035484313965","0.33892035484313965"
"27100","0.3312588930130005","0.3312588930130005","0.3312588930130005"
"27200","0.3234573304653168","0.3234573304653168","0.3234573304653168"
"27300","0.3163333535194397","0.3163333535194397","0.3163333535194397"
"27400","0.3258003890514374","0.3258003890514374","0.3258003890514374"
"27500","0.3350006639957428","0.3350006639957428","0.3350006639957428"
"27600","0.336761474609375","0.336761474609375","0.336761474609375"
"27700","0.34164950251579285","0.34164950251579285","0.34164950251579285"
"27800","0.3223494291305542","0.3223494291305542","0.3223494291305542"
"27900","0.3149684965610504","0.3149684965610504","0.3149684965610504"
"28000","0.326452374458313","0.326452374458313","0.326452374458313"
"28100","0.34525802731513977","0.34525802731513977","0.34525802731513977"
"28200","0.3194965422153473","0.3194965422153473","0.3194965422153473"
"28300","0.33041638135910034","0.33041638135910034","0.33041638135910034"
"28400","0.3457971215248108","0.3457971215248108","0.3457971215248108"
"28500","0.3122740685939789","0.3122740685939789","0.3122740685939789"
"28600","0.331684410572052","0.331684410572052","0.331684410572052"
"28700","0.3480783700942993","0.3480783700942993","0.3480783700942993"
"28800","0.333214670419693","0.333214670419693","0.333214670419693"
"28900","0.32810142636299133","0.32810142636299133","0.32810142636299133"
"29000","0.3210919201374054","0.3210919201374054","0.3210919201374054"
"29100","0.3188486397266388","0.3188486397266388","0.3188486397266388"
"29200","0.32808467745780945","0.32808467745780945","0.32808467745780945"
"29300","0.3345509469509125","0.3345509469509125","0.3345509469509125"
"29400","0.29952672123908997","0.29952672123908997","0.29952672123908997"
"29500","0.31572505831718445","0.31572505831718445","0.31572505831718445"
"29600","0.3336751163005829","0.3336751163005829","0.3336751163005829"
"29700","0.34391137957572937","0.34391137957572937","0.34391137957572937"
"29800","0.34112054109573364","0.34112054109573364","0.34112054109573364"
"29900","0.3261657655239105","0.3261657655239105","0.3261657655239105"
"30000","0.3136645257472992","0.3136645257472992","0.3136645257472992"
"30100","0.3080570101737976","0.3080570101737976","0.3080570101737976"
"30200","0.32497110962867737","0.32497110962867737","0.32497110962867737"
"30300","0.34111082553863525","0.34111082553863525","0.34111082553863525"
"30400","0.3393098711967468","0.3393098711967468","0.3393098711967468"
"30500","0.33157089352607727","0.33157089352607727","0.33157089352607727"
"30600","0.3305489718914032","0.3305489718914032","0.3305489718914032"
"30700","0.34115365147590637","0.34115365147590637","0.34115365147590637"
"30800","0.33087295293807983","0.33087295293807983","0.33087295293807983"
"30900","0.3454088866710663","0.3454088866710663","0.3454088866710663"
"31000","0.3436374366283417","0.3436374366283417","0.3436374366283417"
"31100","0.31998392939567566","0.31998392939567566","0.31998392939567566"
"31200","0.32735884189605713","0.32735884189605713","0.32735884189605713"
"31300","0.3551863431930542","0.3551863431930542","0.3551863431930542"
"31400","0.3345312774181366","0.3345312774181366","0.3345312774181366"
"31500","0.33262625336647034","0.33262625336647034","0.33262625336647034"
"31600","0.3069861829280853","0.3069861829280853","0.3069861829280853"
"31700","0.3377062678337097","0.3377062678337097","0.3377062678337097"
"31800","0.3218167722225189","0.3218167722225189","0.3218167722225189"
"31900","0.32021939754486084","0.32021939754486084","0.32021939754486084"
"32000","0.322680801153183","0.322680801153183","0.322680801153183"
"32100","0.3511366844177246","0.3511366844177246","0.3511366844177246"
"32200","0.31589949131011963","0.31589949131011963","0.31589949131011963"
"32300","0.31783342361450195","0.31783342361450195","0.31783342361450195"
"32400","0.31510353088378906","0.31510353088378906","0.31510353088378906"
"32500","0.3256964385509491","0.3256964385509491","0.3256964385509491"
"32600","0.3555727005004883","0.3555727005004883","0.3555727005004883"
"32700","0.3209852874279022","0.3209852874279022","0.3209852874279022"
"32800","0.3075859248638153","0.3075859248638153","0.3075859248638153"
"32900","0.3220057189464569","0.3220057189464569","0.3220057189464569"
"33000","0.33602282404899597","0.33602282404899597","0.33602282404899597"
"33100","0.3173884153366089","0.3173884153366089","0.3173884153366089"
"33200","0.32417020201683044","0.32417020201683044","0.32417020201683044"
"33300","0.33768340945243835","0.33768340945243835","0.33768340945243835"
"33400","0.32071149349212646","0.32071149349212646","0.32071149349212646"
"33500","0.3428119122982025","0.3428119122982025","0.3428119122982025"
"33600","0.31179434061050415","0.31179434061050415","0.31179434061050415"
"33700","0.3340388834476471","0.3340388834476471","0.3340388834476471"
"33800","0.32627636194229126","0.32627636194229126","0.32627636194229126"
"33900","0.30397000908851624","0.30397000908851624","0.30397000908851624"
"34000","0.3470236361026764","0.3470236361026764","0.3470236361026764"
"34100","0.3203456401824951","0.3203456401824951","0.3203456401824951"
"34200","0.3132492005825043","0.3132492005825043","0.3132492005825043"
"34300","0.32134056091308594","0.32134056091308594","0.32134056091308594"
"34400","0.33522728085517883","0.33522728085517883","0.33522728085517883"
"34500","0.3237466514110565","0.3237466514110565","0.3237466514110565"
"34600","0.3253088593482971","0.3253088593482971","0.3253088593482971"
"34700","0.33686867356300354","0.33686867356300354","0.33686867356300354"
"34800","0.33483853936195374","0.33483853936195374","0.33483853936195374"
"34900","0.30483102798461914","0.30483102798461914","0.30483102798461914"
"35000","0.32778018712997437","0.32778018712997437","0.32778018712997437"
"35100","0.2990257441997528","0.2990257441997528","0.2990257441997528"
"35200","0.32553228735923767","0.32553228735923767","0.32553228735923767"
"35300","0.3263873755931854","0.3263873755931854","0.3263873755931854"
"35400","0.3243781626224518","0.3243781626224518","0.3243781626224518"
"35500","0.34260547161102295","0.34260547161102295","0.34260547161102295"
"35600","0.340478777885437","0.340478777885437","0.340478777885437"
"35700","0.31157270073890686","0.31157270073890686","0.31157270073890686"
"35800","0.3231924772262573","0.3231924772262573","0.3231924772262573"
"35900","0.3329993188381195","0.3329993188381195","0.3329993188381195"
"36000","0.32142382860183716","0.32142382860183716","0.32142382860183716"
"36100","0.32070598006248474","0.32070598006248474","0.32070598006248474"
"36200","0.3054443895816803","0.3054443895816803","0.3054443895816803"
"36300","0.3265124261379242","0.3265124261379242","0.3265124261379242"
"36400","0.3214859962463379","0.3214859962463379","0.3214859962463379"
"36500","0.3287183344364166","0.3287183344364166","0.3287183344364166"
"36600","0.34237435460090637","0.34237435460090637","0.34237435460090637"
"36700","0.3173227608203888","0.3173227608203888","0.3173227608203888"
"36800","0.3326544165611267","0.3326544165611267","0.3326544165611267"
"36900","0.35252344608306885","0.35252344608306885","0.35252344608306885"
"37000","0.33005234599113464","0.33005234599113464","0.33005234599113464"
"37100","0.32032400369644165","0.32032400369644165","0.32032400369644165"
"37200","0.3234594166278839","0.3234594166278839","0.3234594166278839"
"37300","0.32859912514686584","0.32859912514686584","0.32859912514686584"
"37400","0.3322555422782898","0.3322555422782898","0.3322555422782898"
"37500","0.3414915204048157","0.3414915204048157","0.3414915204048157"
"37600","0.3216489255428314","0.3216489255428314","0.3216489255428314"
"37700","0.33226191997528076","0.33226191997528076","0.33226191997528076"
"37800","0.34725716710090637","0.34725716710090637","0.34725716710090637"
"37900","0.3221273720264435","0.3221273720264435","0.3221273720264435"
"38000","0.332478791475296","0.332478791475296","0.332478791475296"
"38100","0.3090275824069977","0.3090275824069977","0.3090275824069977"
"38200","0.32719317078590393","0.32719317078590393","0.32719317078590393"
"38300","0.3299724757671356","0.3299724757671356","0.3299724757671356"
"38400","0.3296523094177246","0.3296523094177246","0.3296523094177246"
"38500","0.3290384113788605","0.3290384113788605","0.3290384113788605"
"38600","0.32565054297447205","0.32565054297447205","0.32565054297447205"
"38700","0.3301892876625061","0.3301892876625061","0.3301892876625061"
"38800","0.33280372619628906","0.33280372619628906","0.33280372619628906"
"38900","0.3292428255081177","0.3292428255081177","0.3292428255081177"
"39000","0.31422126293182373","0.31422126293182373","0.31422126293182373"
"39100","0.32257547974586487","0.32257547974586487","0.32257547974586487"
"39200","0.3310106694698334","0.3310106694698334","0.3310106694698334"
"39300","0.3465803861618042","0.3465803861618042","0.3465803861618042"
"39400","0.3369007706642151","0.3369007706642151","0.3369007706642151"
"39500","0.33488020300865173","0.33488020300865173","0.33488020300865173"
"39600","0.3087838590145111","0.3087838590145111","0.3087838590145111"
"39700","0.31339046359062195","0.31339046359062195","0.31339046359062195"
"39800","0.31349438428878784","0.31349438428878784","0.31349438428878784"
"39900","0.340324342250824","0.340324342250824","0.340324342250824"
"40000","0.3503596782684326","0.3503596782684326","0.3503596782684326"
"40100","0.3348686397075653","0.3348686397075653","0.3348686397075653"
"40200","0.3355003893375397","0.3355003893375397","0.3355003893375397"
"40300","0.3334745764732361","0.3334745764732361","0.3334745764732361"
"40400","0.33488163352012634","0.33488163352012634","0.33488163352012634"
"40500","0.34313347935676575","0.34313347935676575","0.34313347935676575"
"40600","0.32565173506736755","0.32565173506736755","0.32565173506736755"
"40700","0.3231205642223358","0.3231205642223358","0.3231205642223358"
"40800","0.32103782892227173","0.32103782892227173","0.32103782892227173"
"40900","0.3126642107963562","0.3126642107963562","0.3126642107963562"
"41000","0.3394024074077606","0.3394024074077606","0.3394024074077606"
"41100","0.325594425201416","0.325594425201416","0.325594425201416"
"41200","0.3378099501132965","0.3378099501132965","0.3378099501132965"
"41300","0.3272632360458374","0.3272632360458374","0.3272632360458374"
"41400","0.3288081884384155","0.3288081884384155","0.3288081884384155"
"41500","0.32225459814071655","0.32225459814071655","0.32225459814071655"
"41600","0.3222302794456482","0.3222302794456482","0.3222302794456482"
"41700","0.3214114308357239","0.3214114308357239","0.3214114308357239"
"41800","0.3207635283470154","0.3207635283470154","0.3207635283470154"
"41900","0.3352351486682892","0.3352351486682892","0.3352351486682892"
"42000","0.3389078378677368","0.3389078378677368","0.3389078378677368"
"42100","0.3019660413265228","0.3019660413265228","0.3019660413265228"
"42200","0.32592472434043884","0.32592472434043884","0.32592472434043884"
"42300","0.3206658363342285","0.3206658363342285","0.3206658363342285"
"42400","0.3112425208091736","0.3112425208091736","0.3112425208091736"
"42500","0.3397248685359955","0.3397248685359955","0.3397248685359955"
"42600","0.3269343376159668","0.3269343376159668","0.3269343376159668"
"42700","0.3342931568622589","0.3342931568622589","0.3342931568622589"
"42800","0.3139495253562927","0.3139495253562927","0.3139495253562927"
"42900","0.31603217124938965","0.31603217124938965","0.31603217124938965"
"43000","0.32145455479621887","0.32145455479621887","0.32145455479621887"
"43100","0.3076058626174927","0.3076058626174927","0.3076058626174927"
"43200","0.3466002345085144","0.3466002345085144","0.3466002345085144"
"43300","0.315245658159256","0.315245658159256","0.315245658159256"
"43400","0.3399101495742798","0.3399101495742798","0.3399101495742798"
"43500","0.3233307898044586","0.3233307898044586","0.3233307898044586"
"43600","0.34801778197288513","0.34801778197288513","0.34801778197288513"
"43700","0.3336229622364044","0.3336229622364044","0.3336229622364044"
"43800","0.2956366240978241","0.2956366240978241","0.2956366240978241"
"43900","0.33887094259262085","0.33887094259262085","0.33887094259262085"
"44000","0.3408452868461609","0.3408452868461609","0.3408452868461609"
"44100","0.3053208589553833","0.3053208589553833","0.3053208589553833"
"44200","0.34218892455101013","0.34218892455101013","0.34218892455101013"
"44300","0.32876789569854736","0.32876789569854736","0.32876789569854736"
"44400","0.3065285384654999","0.3065285384654999","0.3065285384654999"
"44500","0.3207875192165375","0.3207875192165375","0.3207875192165375"
"44600","0.31081631779670715","0.31081631779670715","0.31081631779670715"
"44700","0.3233889043331146","0.3233889043331146","0.3233889043331146"
"44800","0.331215500831604","0.331215500831604","0.331215500831604"
"44900","0.3137613534927368","0.3137613534927368","0.3137613534927368"
"45000","0.3423720598220825","0.3423720598220825","0.3423720598220825"
"45100","0.3085434138774872","0.3085434138774872","0.3085434138774872"
"45200","0.32318317890167236","0.32318317890167236","0.32318317890167236"
"45300","0.33491066098213196","0.33491066098213196","0.33491066098213196"
"45400","0.317658007144928","0.317658007144928","0.317658007144928"
"45500","0.33425429463386536","0.33425429463386536","0.33425429463386536"
"45600","0.32300204038619995","0.32300204038619995","0.32300204038619995"
"45700","0.3327622413635254","0.3327622413635254","0.3327622413635254"
"45800","0.313595712184906","0.313595712184906","0.313595712184906"
"45900","0.32125774025917053","0.32125774025917053","0.32125774025917053"
"46000","0.3156020939350128","0.3156020939350128","0.3156020939350128"
"46100","0.30677905678749084","0.30677905678749084","0.30677905678749084"
"46200","0.31934887170791626","0.31934887170791626","0.31934887170791626"
"46300","0.3421750068664551","0.3421750068664551","0.3421750068664551"
"46400","0.3341963291168213","0.3341963291168213","0.3341963291168213"
"46500","0.3223704695701599","0.3223704695701599","0.3223704695701599"
"46600","0.3244425356388092","0.3244425356388092","0.3244425356388092"
"46700","0.31046736240386963","0.31046736240386963","0.31046736240386963"
"46800","0.3245229423046112","0.3245229423046112","0.3245229423046112"
"46900","0.3062121868133545","0.3062121868133545","0.3062121868133545"
"47000","0.33074313402175903","0.33074313402175903","0.33074313402175903"
"47100","0.32437852025032043","0.32437852025032043","0.32437852025032043"
"47200","0.3355804979801178","0.3355804979801178","0.3355804979801178"
"47300","0.3319474458694458","0.3319474458694458","0.3319474458694458"
"47400","0.3173479735851288","0.3173479735851288","0.3173479735851288"
"47500","0.32817089557647705","0.32817089557647705","0.32817089557647705"
"47600","0.3116879463195801","0.3116879463195801","0.3116879463195801"
"47700","0.34096530079841614","0.34096530079841614","0.34096530079841614"
"47800","0.339103639125824","0.339103639125824","0.339103639125824"
"47900","0.3405640423297882","0.3405640423297882","0.3405640423297882"
"48000","0.31742262840270996","0.31742262840270996","0.31742262840270996"
"48100","0.32703378796577454","0.32703378796577454","0.32703378796577454"
"48200","0.3366142213344574","0.3366142213344574","0.3366142213344574"
"48300","0.3162025809288025","0.3162025809288025","0.3162025809288025"
"48400","0.3178008496761322","0.3178008496761322","0.3178008496761322"
"48500","0.3088650107383728","0.3088650107383728","0.3088650107383728"
"48600","0.325163334608078","0.325163334608078","0.325163334608078"
"48700","0.30558082461357117","0.30558082461357117","0.30558082461357117"
"48800","0.3261958658695221","0.3261958658695221","0.3261958658695221"
"48900","0.33156079053878784","0.33156079053878784","0.33156079053878784"
"49000","0.3212703466415405","0.3212703466415405","0.3212703466415405"
"49100","0.33443665504455566","0.33443665504455566","0.33443665504455566"
"49200","0.34952929615974426","0.34952929615974426","0.34952929615974426"
"49300","0.3099241852760315","0.3099241852760315","0.3099241852760315"
"49400","0.32437631487846375","0.32437631487846375","0.32437631487846375"
"49500","0.313392698764801","0.313392698764801","0.313392698764801"
"49600","0.3138777017593384","0.3138777017593384","0.3138777017593384"
"49700","0.31552669405937195","0.31552669405937195","0.31552669405937195"
"49800","0.3098541796207428","0.3098541796207428","0.3098541796207428"
"49900","0.31279271841049194","0.31279271841049194","0.31279271841049194"
"50000","0.30754631757736206","0.30754631757736206","0.30754631757736206"